<?xml version="1.0" encoding="UTF-8"?>
<uptime xmlns:xsi="http://www.w3.org/2001/XMLSchema-instance"
	xsi:schemaLocation="http://www.uptimesoftware.com/erdc/erdc erdc"
	xmlns="http://www.uptimesoftware.com/erdc/erdc"
	xmlns:upt="http://www.uptimesoftware.com/erdc/erdc" version="4.0" target_grouping="other">
	<class>Custom Remote Integer</class>
	<exec>com.uptimesoftware.uptime.erdc.MonitorCustomScriptRunner</exec>
	<erdc_version>1.02</erdc_version>
	<category>Advanced and Script Monitors</category>
	<category_related>Applications - General</category_related>
	<grid_info>
		<supported_versions>7.3,7.4,7.5,7.6</supported_versions>
		<supported_platforms>windows, linux</supported_platforms>
		<upgrade_in_place>true</upgrade_in_place>
		<requires_agent_scripts>true</requires_agent_scripts>
	</grid_info>
	<elements>
		<element name="process_windows" parameter_type="input" data_type="string" gui_basic="1" range_type="0">
			<control_options> size:40 </control_options>
			<default_value>plugins/scripts/custom-remote-integer/custom_remote.bat</default_value>
			<short_description>Script Name</short_description>
			<long_description>Name of the script/binary/process to be executed by up.time </long_description>
			<validation_rule>
				<alphanumeric/>
			</validation_rule>
			<error_message>
				<alphanumeric>required field</alphanumeric>
			</error_message>
			<gui_type>
				<string/>
			</gui_type>
		</element>
		<element name="process_linux" parameter_type="input" hidden="true" data_type="string" gui_basic="1" range_type="0">
			<control_options> size:40 </control_options>
			<default_value>plugins/scripts/custom-remote-integer/custom_remote.sh</default_value>
			<short_description>Script Name</short_description>
			<long_description>Name of the script to be executed by up.time </long_description>
			<validation_rule>
				<alphanumeric/>
			</validation_rule>
			<error_message>
				<alphanumeric>required field</alphanumeric>
			</error_message>
			<gui_type>
				<string/>
			</gui_type>
		</element>
		<element name='port' parameter_type='input' data_type='integer'
		gui_basic='1' range_type='0' units=''>
			<control_options>size:8</control_options>
			<default_value>9998</default_value>
			<short_description>Agent Port</short_description>
			<long_description>up.time Agent Port (default is 9998)</long_description>
			<validation_rule/>
			<error_message/>
			<gui_type>
				<integer/>
			</gui_type>
		</element>
		<element name='password' parameter_type='input' data_type='string'
		gui_basic='1' range_type='0' units=''>
			<control_options>size:8</control_options>
			<default_value></default_value>
			<short_description>up.time Agent Password</short_description>
			<long_description>Password setup on the agent system</long_description>
			<validation_rule/>
			<error_message/>
			<gui_type>
				<password/>
			</gui_type>
		</element>
		<element name='remote_script' parameter_type='input' data_type='string'
		gui_basic='1' range_type='0' units=''>
			<control_options>size:8</control_options>
			<default_value></default_value>
			<short_description>Remote Script / Command</short_description>
			<long_description>Script name (posix) or command (win) setup on the agent</long_description>
			<validation_rule/>
			<error_message/>
			<gui_type>
				<string/>
			</gui_type>
		</element>
		<element name='args' parameter_type='input' data_type='string'
		gui_basic='1' range_type='0' units=''>
			<control_options>size:8</control_options>
			<default_value></default_value>
			<short_description>Arguments</short_description>
			<long_description>Arguments that will be sent to the remote script</long_description>
			<validation_rule/>
			<error_message/>
			<gui_type>
				<string/>
			</gui_type>
		</element>
		<element name='custom1' parameter_type='output' data_type='integer'
		gui_basic='1' range_type='0' units=''>
			<control_options>size:8</control_options>
			<default_value></default_value>
			<short_description>Output</short_description>
			<long_description>Output from the script</long_description>
			<validation_rule/>
			<error_message/>
			<gui_type>
				<integer/>
			</gui_type>
		</element>
		<element name="timer" parameter_type="output" data_type="integer" gui_basic="0"
			range_type="0" units="ms">
			<control_options>size:8</control_options>
			<default_value/>
			<short_description>Response time</short_description>
			<long_description>Response time in ms</long_description>
			<validation_rule/>
			<error_message/>
			<gui_type>
				<integer/>
			</gui_type>
		</element>
	</elements>
	<help>When running a custom script check, note that the second parameter is always the name of the assigned host.
	The script that's executed should output each variable on it's own line, otherwise up.time won't be able to capture the appropriate information.</help>
</uptime>